{
  "title": "Asia-Pacific Military Computer Market (Report AD3647) - Packaged Summary",
  "source_url": "https://www.nextmsc.com/report/asia-pacific-military-computer-market-ad3647",
  "publish_date": "2025-11-07",
  "pages": 153,
  "figures": 103,
  "tables": 158,
  "report_code": "AD3647",
  "industry": "Aerospace & Defense",
  "summary": "Market valued at USD 3.46 billion in 2024; projected to reach USD 3.86 billion in 2025 and USD 5.64 billion by 2030 at a CAGR of 7.9% (2025\u20132030). Drivers include rising defense budgets, regional modernization, and AI/ML adoption. Key players: Kontron AG, Microchip, Panasonic, Intel, NVIDIA, Thales, and others."
}